{"epoch": 13, "train acc": 63.48294243070362, "train loss": 0.02569735472023706, "_timestamp": 1724422925.757271, "_runtime": 115.76402306556702, "_step": 27, "eval acc": 63.17197452229299, "eval loss": 0.0338694679073813, "_wandb": {"runtime": 114}}